kode,nama_barang,tanggal,satuan,merk,stok,,,,
1.1.7.01.01.01.006.00070,Cat Pylox Merah,02/10/2024,BUAH,,"  48,00 ",,,,
1.1.7.01.01.01.006.00070,Cat Pylox Merah,22/09/2025,BUAH,,"  400,00 ",,,,
1.1.7.01.01.01.008.00036,Penggaris Siku,02/10/2024,BUAH,Stainless Steel; 170 x 300 mm,"  7,00 ",,,,
1.1.7.01.01.01.016.00029,Plat Tembaga Busbar,09/11/2023,BATANG,5mm x 20mm x 5cm,"  10,00 ",,,,"kode,nama_barang,tanggal,satuan,stok,stok"
1.1.7.01.01.01.024.00025,Dynabolt,29/09/2022,DUS,Mur Baut,"  49,00 ",,,,
1.1.7.01.01.01.024.00037,Baut roofing,03/10/2022,KOTAK,Spesifikasi : 10cm (1 kotak isi 250 pcs),  - ,,,,
1.1.7.01.01.01.024.00042,Baut roofing,03/10/2022,KOTAK,Spesifikasi : 4cm (1 kotak isi 500 pcs),"  3,00 ",,,,
1.1.7.01.01.01.024.00061,Baut JP + Mur,09/11/2023,BOX,Spesifikasi : M4 5 CM,"  3,00 ",,,,
1.1.7.01.01.01.024.00062,Baut JP + Mur,09/11/2023,BOX,Spesifikasi : M6 5 CM,"  4,00 ",,,,
1.1.7.01.01.01.024.00067,Fisher s6,09/11/2023,BOX,,"  6,00 ",,,,
1.1.7.01.01.01.024.00067,Fisher s6,22/09/2025,BOX,,"  10,00 ",,,,
1.1.7.01.01.01.024.05011,Dynabolt,22/09/2025,DUS,"10MM X 80MM, isi 100","  3,00 ",,,,
1.1.7.01.01.01.024.05012,Dynabolt,22/09/2025,PCS,14MM X 80MM,"  200,00 ",,,,
1.1.7.01.01.01.024.05013,Dynabolt,22/09/2025,PCS,14MM X 120MM,"  200,00 ",,,,
1.1.7.01.01.01.024.05014,Dynabolt,22/09/2025,PCS,16MM X 120MM,"  200,00 ",,,,
1.1.7.01.01.01.024.05015,Mata Roofing,22/09/2025,PACK,"8 X 65 mm, isi 6","  15,00 ",,,,
1.1.7.01.01.01.024.05016,Baut Roofing,22/09/2025,DUS,"uk. 12 X 50 MM, isi 250 pcs","  10,00 ",,,,
1.1.7.01.01.01.024.05017,Baut Roofing,22/09/2025,DUS,"uk. 12 X 70 MM, isi 250 pcs","  10,00 ",,,,
1.1.7.01.01.01.024.05018,Baut + Mur,22/09/2025,PACK,"M8 X 30 mm, isi 50 pcs","  2,00 ",,,,
1.1.7.01.01.01.024.05019,Baut + Mur,22/09/2025,PACK,"M10 X 60 mm, isi 50 pcs","  6,00 ",,,,
1.1.7.01.01.01.024.05020,Baut + Mur,22/09/2025,PACK,"M10 X 40 mm, isi 50 pcs","  2,00 ",,,,
1.1.7.01.01.01.024.05021,Ring plat,22/09/2025,PACK,"M8, isi 50 pcs","  8,00 ",,,,
1.1.7.01.01.01.024.05022,Ring plat,22/09/2025,PACK,"M10, isi 50 pcs","  8,00 ",,,,
1.1.7.01.01.01.024.05023,Mur baut,22/09/2025,PACK,M8 X 50 mm isi 50 pcs,"  6,00 ",,,,
1.1.7.01.01.01.026.00007,Meteran,02/10/2024,BUAH,Meteran Hi Lock TAJIMA 5 Meter Japan,"  14,00 ",,,,
1.1.7.01.01.01.026.00007,Meteran,22/09/2025,BUAH,Meteran Hi Lock TAJIMA 5 Meter Japan,"  100,00 ",,,,
1.1.7.01.01.01.027.00030,Paku Rivet,03/10/2022,DUS,"Uk 4 x 11 mm, isi 1000 pcs","  10,00 ",,,,
1.1.7.01.01.01.027.00035,Paku clamp beton,09/11/2023,KOTAK,Spesifikasi : ukuran 8,"  95,00 ",,,,
1.1.7.01.01.01.027.00036,Paku clamp beton,09/11/2023,KOTAK,Spesifikasi : ukuran 10,"  70,00 ",,,,
1.1.7.01.01.01.027.00037,Paku clamp beton,09/11/2023,KOTAK,Spesifikasi : ukuran 12,"  89,00 ",,,,
1.1.7.01.01.01.027.00038,Paku Rivet,03/10/2022,KOTAK,Spesifikasi : 5mm (1 kotak isi 500 pcs),"  10,00 ",,,,
1.1.7.01.01.01.027.00039,Paku Rivet,03/10/2022,KOTAK,Spesifikasi : 6mm,"  6,00 ",,,,
1.1.7.01.01.02.002.00885,Air Cooler (Air Radiator),04/10/2023,PCS,Radiator Coolant (5 Liter),"  13,00 ",,,,
1.1.7.01.01.02.003.00003,Freon AC / Refrigerant,02/01/2020,TABUNG,R11 Berat Bersih 10 kg,"  6,00 ",,,,
1.1.7.01.01.02.003.50007,Freon,22/09/2025,TABUNG,R32,"  10,00 ",,,,
1.1.7.01.01.02.003.50008,Freon,22/09/2025,TABUNG,410a,"  5,00 ",,,,
1.1.7.01.01.02.003.50009,Freon,22/09/2025,TABUNG,R134a,"  2,00 ",,,,
1.1.7.01.01.05.001.00004,Kawat Las,22/09/2025,DUS,"RB-26 2,6mm, Berat 5 kg","  500,00 ",,,,
1.1.7.01.01.05.001.00005,Kawat Las,22/09/2025,DUS,"RB-26 3,2mm, Berat 5 kg","  500,00 ",,,,
1.1.7.01.01.05.001.00038,Safety Net,02/01/2020,METER,,"  1.100,00 ",,,,
1.1.7.01.01.05.003.00001,Timah solder,09/11/2023,PCS,Diameter 0.6mm,"  5,00 ",,,,
1.1.7.01.02.01.001.00910,Kontaktor,03/10/2022,PCS,Spesifikasi : 3P 40A 220VAC,"  4,00 ",,,,
1.1.7.01.02.01.001.00910,Kontaktor,09/11/2023,PCS,Spesifikasi : 3P 40A 220VAC,"  15,00 ",,,,
1.1.7.01.02.01.001.00922,Ban Luar Viar,21/10/2022,UNIT,"Spesifikasi : Ban depan, ukuran 400-12 8Pr","  2,00 ",,,,
1.1.7.01.02.01.001.00923,Ban Dalam Viar,21/10/2022,UNIT,"Spesifikasi : Ban depan, ukuran 400-12 8Pr","  9,00 ",,,,
1.1.7.01.02.01.001.00930,Dongkrak Botol,04/10/2023,UNIT,2 Ton,"  5,00 ",,,,
1.1.7.01.02.01.001.01111,Alat Pengisi Angin Kompresor,04/10/2023,UNIT,,  - ,,,,
1.1.7.01.02.01.001.03735,Ban Luar,21/10/2022,BUAH,Ukuran 205/65 R 15 Tubeless,"  8,00 ",,,,
1.1.7.01.02.01.001.03739,Ban Luar,21/10/2022,UNIT,195/55 R16,"  4,00 ",,,,
1.1.7.01.02.01.001.03742,Ban Luar,21/10/2022,UNIT,185/70 R14,"  4,00 ",,,,
1.1.7.01.02.01.001.03766,Ban Dalam,03/08/2022,BUAH,Ban Dalam Ukuran 1000 R 20,  - ,,,,
1.1.7.01.02.01.001.03780,Ban Luar,03/08/2022,BUAH,Ban Luar Ukuran 1000 R 20 16 Pr,  - ,,,,
1.1.7.01.02.01.001.03783,Ban Flap,03/08/2022,BUAH,(Flap 20 R 1000),  - ,,,,
1.1.7.01.02.01.001.03972,MCB 1 Phase [A9K24104 (4A)],09/11/2023,PCS,,"  7,00 ",,,,
1.1.7.01.02.01.001.03973,MCB 3 Phase [A9K24306 (6A)],09/11/2023,PCS,,"  5,00 ",,,,
1.1.7.01.02.01.002.05001,Roda Troli,02/10/2024,BUAH,8 Inch,  - ,,,,
1.1.7.01.02.01.002.05001,Roda Troli,22/09/2025,BUAH,8 Inch,"  90,00 ",,,,
1.1.7.01.02.04.006.00014,Mata Solder,09/11/2023,BUAH,,"  20,00 ",,,,
1.1.7.01.02.04.006.00062,Meteran Dorong,22/09/2025,UNIT,,"  30,00 ",,,,
1.1.7.01.02.04.006.50006,Roskam kayu,02/10/2024,BUAH,"Kayu Jati, Panjang 40 cm","  8,00 ",,,,
1.1.7.01.02.04.006.50006,Roskam kayu,22/09/2025,BUAH,"Kayu Jati, Panjang 40 cm","  100,00 ",,,,
1.1.7.01.02.04.023.00001,Micrometer,09/11/2023,BUAH,,"  5,00 ",,,,
1.1.7.01.02.04.048.00005,Kontaktor,03/10/2022,PCS,Spesifikasi : 220V AC (25 Ampere),"  1,00 ",,,,
1.1.7.01.02.04.048.00006,Kontaktor,03/10/2022,PCS,Spesifikasi : 3 Phase 32Ampere,"  8,00 ",,,,
1.1.7.01.02.08.001.00022,Kunci Pipa,04/10/2023,BUAH,18 inchi,"  2,00 ",,,,
1.1.7.01.02.08.001.00027,Kunci Roda,04/10/2023,PCS,41mm x 21mm,"  15,00 ",,,,
1.1.7.01.02.08.001.00047,Mata Gergaji Besi,02/10/2024,BUAH,12 Inchi,"  107,00 ",,,,
1.1.7.01.02.08.001.00047,Mata Gergaji Besi,22/09/2025,BUAH,12 Inchi,"  400,00 ",,,,
1.1.7.01.02.08.001.00080,Chain Hoist,04/10/2023,UNIT,Kapasitas 5 Ton,"  11,00 ",,,,
1.1.7.01.02.08.001.00086,Tang ampere,16/09/2025,PCS,Spesifikasi : analog clamp meter 600A,"  25,00 ",,,,
1.1.7.01.02.08.001.00094,Skun kabel AL-CU,03/10/2022,PCS,Diameter 70-12 mm,"  8,00 ",,,,
1.1.7.01.02.08.001.00094,Skun kabel AL-CU,09/11/2023,PCS,Diameter 70-12 mm,"  50,00 ",,,,
1.1.7.01.02.08.001.00177,Mata Cutting,22/09/2025,PCS,"Spesifikasi : 4""","  3.196,00 ",,,,
1.1.7.01.02.08.001.00177,Mata Cutting,22/09/2025,PCS,"Spesifikasi : 4""","  4,00 ",,,,
1.1.7.01.02.08.001.00178,Mata Gerinda Poles,22/09/2025,PCS,Spesifikasi : 5 Inch,"  320,00 ",,,,
1.1.7.01.02.08.001.00179,Mata Gerinda Poles,22/09/2025,PCS,Spesifikasi : 4 Inch,"  500,00 ",,,,
1.1.7.01.02.08.001.05025,Mata Bor Beton,22/09/2025,PCS,12 mm,"  20,00 ",,,,
1.1.7.01.02.08.001.05026,Mata Bor Beton,22/09/2025,PCS,14 mm,"  20,00 ",,,,
1.1.7.01.02.08.001.05029,Testing manifoid double analizer AC,22/09/2025,PCS,Value (1 Set) R22 R410 R32,"  2,00 ",,,,
1.1.7.01.02.08.001.05051,Mata Bor Besi,22/09/2025,PCS,17 mm,"  20,00 ",,,,
1.1.7.01.02.08.001.05052,Mata Bor Besi,22/09/2025,PCS,23 mm,"  20,00 ",,,,
1.1.7.01.02.08.001.05053,Mata Bor Beton,22/09/2025,PCS,"Drill Ukuran 12 mm, 100/160 mm","  20,00 ",,,,
1.1.7.01.02.08.001.05054,Mata Bor Beton,22/09/2025,PCS,"Drill Ukuran 16 mm, 150/210 mm","  20,00 ",,,,
1.1.7.01.02.08.001.05055,Mata Bor Beton,22/09/2025,PCS,"Drill Ukuran 18 mm, 200/260 mm","  20,00 ",,,,
1.1.7.01.02.08.002.00001,Palu Bodem,02/10/2024,SET,,"  5,00 ",,,,
1.1.7.01.02.08.002.00001,Palu Bodem,22/09/2025,SET,,"  60,00 ",,,,
1.1.7.01.02.08.002.00009,Waterpas,29/09/2023,UNIT,80 cm,  - ,,,,
1.1.7.01.02.08.002.00011,Kunci Inggris,04/10/2023,PCS,Ukuran : 8 Inch,"  6,00 ",,,,
1.1.7.01.02.08.002.00012,Kunci Inggris,04/10/2023,PCS,Ukuran : 12 Inch,"  6,00 ",,,,
1.1.7.01.02.08.002.00015,KUNCI INGGRIS,04/10/2023,PCS,,"  5,00 ",,,,
1.1.7.01.02.08.002.00022,Pahat Beton,02/10/2024,BUAH,,  - ,,,,
1.1.7.01.02.08.002.00022,Pahat Beton,22/09/2025,BUAH,,"  100,00 ",,,,
1.1.7.01.02.08.002.00026,Palu Besi,02/10/2024,BUAH,Gagang Kayu,"  23,00 ",,,,
1.1.7.01.02.08.002.00039,Kaka Tua/ Catut,02/10/2024,BUAH,,"  3,00 ",,,,
1.1.7.01.02.08.002.00039,Kaka Tua/ Catut,22/09/2025,BUAH,,"  100,00 ",,,,
1.1.7.01.02.08.002.00047,Obeng,16/09/2025,BUAH,Tespen Ac,"  15,00 ",,,,
1.1.7.01.02.08.002.00047,Obeng,16/09/2025,BUAH,Tespen Ac,"  5,00 ",,,,
1.1.7.01.02.08.002.00069,Sendok Semen,02/10/2024,BUAH,"Ukuran 8"" Gagang Kayu","  10,00 ",,,,
1.1.7.01.02.08.002.00069,Sendok Semen,22/09/2025,BUAH,"Ukuran 8"" Gagang Kayu","  300,00 ",,,,
1.1.7.01.02.08.002.00076,Penyedot Timah,09/11/2023,BUAH,,"  9,00 ",,,,
1.1.7.01.02.08.002.00076,Penyedot Timah,16/09/2025,BUAH,,"  10,00 ",,,,
1.1.7.01.02.08.002.00101,Gergaji Kayu Manual,02/10/2024,BUAH,,"  23,00 ",,,,
1.1.7.01.02.08.002.00101,Gergaji Kayu Manual,22/09/2025,BUAH,,"  200,00 ",,,,
1.1.7.01.02.08.002.00103,GERGAJI BESI,02/10/2024,BUAH,,"  33,00 ",,,,
1.1.7.01.02.08.002.00103,GERGAJI BESI,22/09/2025,BUAH,,"  300,00 ",,,,
1.1.7.01.02.08.002.00121,Kunci Pipa,04/10/2023,BUAH,"10""","  2,00 ",,,,
1.1.7.01.02.08.002.00190,Kunci Roda,04/10/2023,BUAH,Silang 4,"  17,00 ",,,,
1.1.7.01.02.08.002.00191,Kunci Pipa,04/10/2023,BUAH,12 Inch,"  2,00 ",,,,
1.1.7.01.02.08.002.00192,Kunci Roda,04/10/2023,BUAH,Ukuran 30 mm x 27 mm,"  1,00 ",,,,
1.1.7.01.02.08.002.00193,Kunci Pipa,04/10/2023,BUAH,14 Inch,"  2,00 ",,,,
1.1.7.01.02.08.002.00194,Kunci T,04/10/2023,BUAH,8 - 12 mm,  - ,,,,
1.1.7.01.02.08.002.00197,Cushion Grip Screwdriver (Obeng Plus Gagang Karet),29/09/2023,PCS,2X150 mm (SD-CG0854),  - ,,,,
1.1.7.01.02.08.002.00199,Dongkrak Botol,04/10/2023,UNIT,50 Ton,"  13,00 ",,,,
1.1.7.01.02.08.002.00201,Cushion Grip Screwdriver (Obeng Minus Gagang Karet),29/09/2023,PCS,6X125 mm (SD-CG0861),  - ,,,,
1.1.7.01.02.08.002.00202,Kunci T,04/10/2023,BUAH,4 - 6 mm,  - ,,,,
1.1.7.01.02.08.002.00203,Kunci T,04/10/2023,BUAH,16 mm,  - ,,,,
1.1.7.01.02.08.002.50019,Palu Besi,22/09/2025,BUAH,"Gagang Fiber, 12 oz","  200,00 ",,,,
1.1.7.01.03.01.007.00011,Meteran,22/09/2025,BUAH,"Spesifikasi : rollmeter, 10 meter","  100,00 ",,,,
1.1.7.01.03.01.007.00016,Meteran,02/10/2024,BUAH,50 meter,"  3,00 ",,,,
1.1.7.01.03.01.007.05005,Penggaris Sikon,22/09/2025,PCS,10 inch,"  10,00 ",,,,
1.1.7.01.03.01.010.00154,Isolasi Kabel,16/09/2025,PCS,3/4 inch,"  49,00 ",,,,
1.1.7.01.03.01.010.00154,Isolasi Kabel,16/09/2025,PCS,3/4 inch,"  1,00 ",,,,
1.1.7.01.03.01.010.00155,Isolasi Kabel,09/11/2023,PCS,3/4inch x 66 ft,  - ,,,,
1.1.7.01.03.01.010.00156,Sealent kaca,04/10/2023,PCS,Sealant bening,"  17,00 ",,,,
1.1.7.01.03.07.001.00020,Pengki,22/09/2025,BUAH,Plastik; Warna Hitam Untuk Tempat Sampah Atau Untuk Angkut Puing-Puing Bangunan.,"  200,00 ",,,,
1.1.7.01.03.07.001.00029,SAPU IJUK,02/10/2024,BUAH,"BERGAGANG; UKURAN : STANDAR, MODEL MIRING, TANGKAI BERWARNA, BAHAN IJUK","  34,00 ",,,,
1.1.7.01.03.07.001.00029,SAPU IJUK,22/09/2025,BUAH,"BERGAGANG; UKURAN : STANDAR, MODEL MIRING, TANGKAI BERWARNA, BAHAN IJUK","  100,00 ",,,,
1.1.7.01.03.07.001.00037,SAPU LIDI,02/10/2024,BUAH,BERGAGANG,  - ,,,,
1.1.7.01.03.07.001.00037,SAPU LIDI,22/09/2025,BUAH,BERGAGANG,"  150,00 ",,,,
1.1.7.01.03.07.001.00056,Sikat Kawat,29/09/2023,BUAH,Besi,  - ,,,,
1.1.7.01.03.07.001.00072,Pengki,02/10/2024,BUAH,Bahan Plastik Bergagang,"  17,00 ",,,,
1.1.7.01.03.07.001.00072,Pengki,22/09/2025,BUAH,Bahan Plastik Bergagang,"  100,00 ",,,,
1.1.7.01.03.07.001.00081,Pengki,02/10/2024,BUAH,,"  21,00 ",,,,
1.1.7.01.03.07.001.00090,Sikat Cuci,02/10/2024,BUAH,,"  37,00 ",,,,
1.1.7.01.03.07.001.00096,Sikat Gagang,22/09/2025,BUAH,Bahan Plastik dan Karet,"  100,00 ",,,,
1.1.7.01.03.07.001.05005,Sikat Kawat Mangkok Kepang,22/09/2025,BUAH,,"  100,00 ",,,,
1.1.7.01.03.07.002.00067,Pel Dorong,02/10/2024,BUAH,Lengkap Tangkai,"  49,00 ",,,,
1.1.7.01.03.07.002.00067,Pel Dorong,22/09/2025,BUAH,Lengkap Tangkai,"  100,00 ",,,,
1.1.7.01.03.07.002.00078,Pembersih Lantai,02/10/2024,BUAH,Wiper Lantai Bergagang,"  40,00 ",,,,
1.1.7.01.03.07.002.00078,Pembersih Lantai,22/09/2025,BUAH,Wiper Lantai Bergagang,"  100,00 ",,,,
1.1.7.01.03.07.003.00033,Ember Plastik,02/10/2024,UNIT,Uk. 15 Liter,  - ,,,,
1.1.7.01.03.07.003.00046,Selang Air,22/09/2025,M,5/ 8 Inch,"  300,00 ",,,,
1.1.7.01.03.07.003.00049,Selang Air,02/10/2024,M,"Benang; Diameter 3/ 4""",  - ,,,,
1.1.7.01.03.07.003.00050,Selang Air,22/09/2025,M,Bahan Plastik Berserat Benang Ukuran Diameter 3/4 Inchi,"  300,00 ",,,,
1.1.7.01.03.07.003.00052,Selang Air,29/09/2022,M,Bahan Plastik Berserat Benang Ukuran Diameter 1.5 Inchi,"  344,00 ",,,,
1.1.7.01.03.07.003.00060,Selang Spiral,22/09/2025,M,"Uk. Dia 3 Inch, Berkualitas Dan Tahan Lama","  150,00 ",,,,
1.1.7.01.03.07.003.50011,Selang Water Pass,02/10/2024,METER,Ukuran 1/4 Inch,  - ,,,,
1.1.7.01.03.07.003.50011,Selang Water Pass,22/09/2025,METER,Ukuran 1/4 Inch,"  500,00 ",,,,
1.1.7.01.03.07.003.50035,Ember Plastik,22/09/2025,BUAH,"Ember karet, uk. 4,5 Liter","  2.000,00 ",,,,
1.1.7.01.03.07.003.50036,Selang Irigasi,22/09/2025,ROLL,3 inch,"  10,00 ",,,,
1.1.7.01.03.07.003.50037,Regulator CO2,22/09/2025,PCS,,"  20,00 ",,,,
1.1.7.01.03.07.005.00134,Kunci Pembengkok Besi,02/10/2024,PCS,Dia 8 mm,"  9,00 ",,,,
1.1.7.01.03.07.005.00134,Kunci Pembengkok Besi,22/09/2025,PCS,Dia 8 mm,"  30,00 ",,,,
1.1.7.01.03.07.005.00135,Kunci Pembengkok Besi,02/10/2024,PCS,Dia 10 mm,"  5,00 ",,,,
1.1.7.01.03.07.005.00135,Kunci Pembengkok Besi,22/09/2025,PCS,Dia 10 mm,"  30,00 ",,,,
1.1.7.01.03.07.005.05006,Kunci Pembengkok Besi,02/10/2024,BUAH,12 mm,"  9,00 ",,,,
1.1.7.01.03.07.005.05006,Kunci Pembengkok Besi,22/09/2025,BUAH,12 mm,"  30,00 ",,,,
1.1.7.01.03.07.005.05027,Gembok,22/09/2025,PCS,gembok dan kunci ukuran 60 mm,"  100,00 ",,,,
1.1.7.01.03.07.006.00030,Kabel Ties,03/10/2022,PCS,2.5 x 150 mm,"  3,00 ",,,,
1.1.7.01.03.07.006.00032,Benang bangunan,02/10/2024,ROLL,"benang bangunan warna putih, tebal :1mm, panjang +- 30 meter",  - ,,,,
1.1.7.01.03.07.006.00043,Kabel Ties Hitam,09/11/2023,PCS,Panjang 20,"  50,00 ",,,,
1.1.7.01.03.07.006.00044,Klem Pipa PVC,09/11/2023,PCS,"1/2""","  90,00 ",,,,
1.1.7.01.03.07.006.00049,Kabel Ties Hitam,09/11/2023,PCS,Panjang 10,"  50,00 ",,,,
1.1.7.01.03.07.006.50027,Benang Bangunan,22/09/2025,PCS,,"  1.000,00 ",,,,
1.1.7.01.03.07.006.50029,Riging/Shackle,22/09/2025,BUAH,6.5 Ton,"  10,00 ",,,,
1.1.7.01.03.07.006.50047,Tali Tambang,22/09/2025,METER,Nilon uk. 16 mm,"  100,00 ",,,,
1.1.7.01.03.07.006.50048,Tali Tambang,22/09/2025,ROLL,"Tambang PPD. Tebal 30 mm, panjang ± 220 m","  2,00 ",,,,
1.1.7.01.03.07.008.00081,Porstex,02/10/2024,BOTOL,,  - ,,,,
1.1.7.01.03.07.008.00106,Sabun Cuci Tangan,02/10/2024,BOTOL,Kemasan Botol,"  65,00 ",,,,
1.1.7.01.03.07.008.00106,Sabun Cuci Tangan,22/09/2025,BOTOL,Kemasan Botol,"  100,00 ",,,,
1.1.7.01.03.07.008.00107,Sabun Colek,02/10/2024,BUNGKUS,Kemasan 1800 Gr,"  34,00 ",,,,
1.1.7.01.03.07.008.00107,Sabun Colek,22/09/2025,BUNGKUS,Kemasan 1800 Gr,"  100,00 ",,,,
1.1.7.01.03.07.008.50001,Cairan Pembersih Lantai,22/09/2025,BUAH,Kemasan Kantong Volume 700 ml,"  100,00 ",,,,
1.1.7.01.03.07.008.50018,Cairan Pembersih Lantai Keramik,02/10/2024,BUAH,Ukuran 1 Liter,"  129,00 ",,,,
1.1.7.01.03.07.008.50022,Pembersih Toilet,22/09/2025,BUAH,2 Liter,"  100,00 ",,,,
1.1.7.01.03.07.013.00001,Kuas Roll,22/09/2025,BUAH,uk 9 inci,"  70,00 ",,,,
1.1.7.01.03.07.013.00008,Kuas Cat,02/10/2024,BUAH,"Mdn, 4""",  - ,,,,
1.1.7.01.03.07.013.00010,Kuas Cat,02/10/2024,BUAH,"Mdn, 2 1/2 """,  - ,,,,
1.1.7.01.03.07.013.00010,Kuas Cat,22/09/2025,BUAH,"Mdn, 2 1/2 ""","  70,00 ",,,,
1.1.7.01.03.07.013.00011,Kuas Cat,02/10/2024,BUAH,"Mdn, 2 """,  - ,,,,
1.1.7.01.03.07.013.00011,Kuas Cat,22/09/2025,BUAH,"Mdn, 2 ""","  70,00 ",,,,
1.1.7.01.03.07.013.00022,KUAS CAT,22/09/2025,BUAH,4 INC,"  100,00 ",,,,
1.1.7.01.03.08.001.00062,Kabel Serabut,02/01/2020,ROLL,Awg 24,"  9,00 ",,,,
1.1.7.01.03.08.001.00070,Kabel Ties,16/09/2025,PACK,"Lokal Standar Sni, 20","  50,00 ",,,,
1.1.7.01.03.08.001.00071,Kabel Ties,16/09/2025,PACK,"Lokal Standar Sni, 30","  50,00 ",,,,
1.1.7.01.03.08.001.00088,Mcb,09/11/2023,BUAH,Standar Pln 16A,"  7,00 ",,,,
1.1.7.01.03.08.001.00091,Mcb,09/11/2023,BUAH,Standar Pln 25A,"  7,00 ",,,,
1.1.7.01.03.08.001.00092,Mcb,09/11/2023,BUAH,Standar Pln 32A,"  4,00 ",,,,
1.1.7.01.03.08.001.00093,Mcb,02/01/2020,BUAH,1 Phase 6 Ampere,"  151,00 ",,,,
1.1.7.01.03.08.001.00098,Mcb,02/01/2020,BUAH,Standar 10 A,"  37,00 ",,,,
1.1.7.01.03.08.001.00102,Mcb,09/11/2023,BUAH,Standar Pln 3 Phase 10A,"  2,00 ",,,,
1.1.7.01.03.08.001.00103,Mcb,09/11/2023,BUAH,Standar Pln 3 Phase 16A,"  5,00 ",,,,
1.1.7.01.03.08.001.00106,Mcb,09/11/2023,BUAH,20 A 3 Phase,"  2,00 ",,,,
1.1.7.01.03.08.001.00114,Mcb,09/11/2023,BUAH,"1 Fasa Kap. 20 A/4,5 Ka, 230/240V, Sni, Iec",  - ,,,,
1.1.7.01.03.08.001.00172,Skun,09/11/2023,PCS,"Tembaga, diamater 50 mm","  34,00 ",,,,
1.1.7.01.03.08.001.00199,Kabel duct PVT TC 6,03/10/2022,BATANG,Spesifikasi : 16x16 panjang 3M,"  10,00 ",,,,
1.1.7.01.03.08.001.00230,Kabel Ties,16/09/2025,PACK,"Lokal Standar Sni, 10","  50,00 ",,,,
1.1.7.01.03.08.001.00261,Kabel Nym,08/07/2024,ROLL,4x4 Mm (50 M),  - ,,,,
1.1.7.01.03.08.001.00268,Kabel NYM,08/07/2024,ROLL,"3 X 1,5 mm, 50 m",  - ,,,,
1.1.7.01.03.08.001.00268,Kabel NYM,16/09/2025,ROLL,"3 X 1,5 mm, 50 m","  20,00 ",,,,
1.1.7.01.03.08.001.00269,Kabel NYM,08/07/2024,ROLL,"2 X 1,5 mm, 50 m",  - ,,,,
1.1.7.01.03.08.001.00269,Kabel NYM,16/09/2025,ROLL,"2 X 1,5 mm, 50 m","  15,00 ",,,,
1.1.7.01.03.08.001.00285,Kabel twisted/SR,03/10/2022,METER,Spesifikasi : 4x50mm,"  125,00 ",,,,
1.1.7.01.03.08.001.00286,Kabel duct PVT TC 6,03/10/2022,BATANG,Spesifikasi : 100x100 panjang 3M,"  20,00 ",,,,
1.1.7.01.03.08.001.00287,Kabel duct PVT TC 6,03/10/2022,BATANG,Spesifikasi : 50x100 panjang 3M,"  13,00 ",,,,
1.1.7.01.03.08.001.00288,Kabel duct PVT TC 6,03/10/2022,BATANG,Spesifikasi : 50x50 panjang 3M,"  1,00 ",,,,
1.1.7.01.03.08.001.00301,Kabel Nym,08/07/2024,ROLL,2X2.5 Mm2 50 M,  - ,,,,
1.1.7.01.03.08.001.00309,Kabel Nym,08/07/2024,ROLL,3X2.5 Mm (1 Roll 50 M),  - ,,,,
1.1.7.01.03.08.001.00309,Kabel Nym,16/09/2025,ROLL,3X2.5 Mm (1 Roll 50 M),"  15,00 ",,,,
1.1.7.01.03.08.001.00363,Kabel Nyy,09/11/2023,METER,4x50 mm,"  20,00 ",,,,
1.1.7.01.03.08.001.00365,Kabel Nya,09/11/2023,M,Kawat 0.7 mm,"  100,00 ",,,,
1.1.7.01.03.08.001.00366,Kabel Serabut,09/11/2023,ROLL,AWG 24 SNI Isi 2,"  5,00 ",,,,
1.1.7.01.03.08.001.50009,Kabel NYYHY,08/07/2024,ROLL,2x2.5 (1 Roll = 50M),  - ,,,,
1.1.7.01.03.08.001.50010,Kabel Gulung Roll,08/07/2024,PCS,4 Lubang 50 M,"  10,00 ",,,,
1.1.7.01.03.08.001.50046,Kabel NYA,16/09/2025,ROLL,"1x0,8 (1 Roll = 50 M)","  27,00 ",,,,
1.1.7.01.03.08.002.00011,Rumah Lampu TL,02/01/2020,BUAH,"36 Watt, Standard","  375,00 ",,,,
1.1.7.01.03.08.002.00025,Fitting Lampu Flc,02/01/2020,BUAH,,"  100,00 ",,,,
1.1.7.01.03.08.002.00081,Lampu Lalu Lintas,02/10/2024,BUAH,,"  76,00 ",,,,
1.1.7.01.03.08.002.00091,Pilot Lamp,02/01/2020,BUAH,,"  276,00 ",,,,
1.1.7.01.03.08.002.00127,Lampu sorot,08/07/2024,PCS,"Led, 100 wat","  60,00 ",,,,
1.1.7.01.03.08.002.00129,Lampu PJU,09/11/2023,PCS,Spesifikasi : all in one 100 watt (ac 220v),  - ,,,,
1.1.7.01.03.08.002.00218,Lampu Tl,08/07/2024,BUAH,36 Watt,"  280,00 ",,,,
1.1.7.01.03.08.002.00358,Lampu Led,08/07/2024,BUAH,18 W,  - ,,,,
1.1.7.01.03.08.002.00430,Lampu Sorot,16/09/2025,PCS,"Led, 200 Watt","  6,00 ",,,,
1.1.7.01.03.08.002.00439,Lampu Sorot,08/07/2024,BUAH,50 W,"  86,00 ",,,,
1.1.7.01.03.08.002.50018,Lampu LED,08/07/2024,PCS,12 Watt,"  7,00 ",,,,
1.1.7.01.03.08.002.50100,Lampu Sorot,16/09/2025,UNIT,"Cordless, Max Lumens 6000, Runtime 10 hours, Tinggi max 210 cm, Battery Included","  2,00 ",,,,
1.1.7.01.03.08.002.50101,Lampu Sorot,16/09/2025,PCS,HPIT 400 W,"  30,00 ",,,,
1.1.7.01.03.08.002.50102,Lampu Sorot,16/09/2025,PCS,600 W Tenaga Surya,"  11,00 ",,,,
1.1.7.01.03.08.003.00006,Stop Kontak,16/09/2025,UNIT,Inbow,"  100,00 ",,,,
1.1.7.01.03.08.003.00014,Stop Kontak,16/09/2025,BUAH,Outbow 4 Lubang,"  30,00 ",,,,
1.1.7.01.03.08.003.00029,Stop Kontak,02/01/2020,BUAH,Extention,  - ,,,,
1.1.7.01.03.08.003.00040,Box Panel Listrik,09/11/2023,PCS,Spesifikasi : 30x40x18 T Plat 1.2 mm,"  6,00 ",,,,
1.1.7.01.03.08.003.00041,Box MCB,09/11/2023,PCS,Spesifikasi : 2 Grup (Model Tanam),"  1,00 ",,,,
1.1.7.01.03.08.003.00041,Box MCB,16/09/2025,PCS,Spesifikasi : 2 Grup (Model Tanam),"  10,00 ",,,,
1.1.7.01.03.08.003.00042,Circuit Breaker,09/11/2023,PCS,Spesifikasi : MCCB 3P 50 A,"  1,00 ",,,,
1.1.7.01.03.08.003.00043,Circuit Breaker,09/11/2023,PCS,Spesifikasi : MCCB 3P 25 A,"  1,00 ",,,,
1.1.7.01.03.08.003.00043,Circuit Breaker,05/12/2023,PCS,Spesifikasi : MCCB 3P 25 A,"  4,00 ",,,,
1.1.7.01.03.08.003.00044,Kontaktor,09/11/2023,UNIT,3 Phase 220V AC (25 Ampere),"  15,00 ",,,,
1.1.7.01.03.08.003.00045,Stop Kontak,09/11/2023,PCS,3 Phase 5 pin 63a,"  5,00 ",,,,
1.1.7.01.03.08.003.00046,Stop Kontak,16/09/2025,PCS,Outblow 3 Lubang,"  40,00 ",,,,
1.1.7.01.03.08.003.00047,Terminal Block,09/11/2023,PCS,25A TB2506-2512 12p,"  16,00 ",,,,
1.1.7.01.03.08.003.00048,Terminal Block Grounding,09/11/2023,PCS,10 pole M5 8x12 mm,"  20,00 ",,,,
1.1.7.01.03.08.003.00049,Terminal Block Grounding,09/11/2023,PCS,12 pole M5 8x12 mm,"  20,00 ",,,,
1.1.7.01.03.08.003.00050,Stop Kontak,16/09/2025,PCS,Outblow 2 Lubang,"  30,00 ",,,,
1.1.7.01.03.08.004.00003,Saklar Tunggal,02/01/2020,BUAH,,"  82,00 ",,,,
1.1.7.01.03.08.004.00020,Saklar Ganda,02/01/2020,BUAH,,"  72,00 ",,,,
1.1.7.01.03.08.004.00037,Circuit Breaker,09/11/2023,PCS,Spesifikasi : MCCB 3P 150 A,"  1,00 ",,,,
1.1.7.01.03.08.004.00040,Volt Meter,09/11/2023,PCS,300V 72x72,"  12,00 ",,,,
1.1.7.01.03.08.004.00041,Box MCB,09/11/2023,PCS,Spesifikasi : 8 Grup (Model Tanam),"  7,00 ",,,,
1.1.7.01.03.08.004.00042,Terminal Block,09/11/2023,PCS,25A TB2506-2512 6p,"  20,00 ",,,,
1.1.7.01.03.08.005.00013,Stacker,09/11/2023,PCS,3 Phase 5 pin 63a,"  5,00 ",,,,
1.1.7.01.03.08.005.00014,Stacker Cok Genset,09/11/2023,PCS,Plug 3 Kaki 20A 250V,"  12,00 ",,,,
1.1.7.01.03.08.005.05001,Stacker,08/07/2024,PCS,Kaki 2,"  97,00 ",,,,
1.1.7.01.03.08.005.05001,Stacker,16/09/2025,PCS,Kaki 2,"  100,00 ",,,,
1.1.7.01.03.08.006.00071,Ballast Lampu TL,09/11/2023,PCS,Spesifikasi : 30-40 Watt,"  20,00 ",,,,
1.1.7.01.03.08.006.00071,Ballast Lampu TL,08/07/2024,PCS,Spesifikasi : 30-40 Watt,"  300,00 ",,,,
1.1.7.01.03.08.007.00003,Starter Lampu Tl,09/11/2023,BUAH,,"  600,00 ",,,,
1.1.7.01.03.08.008.00006,Fiting Lampu PLC,02/01/2020,BUAH,,"  30,00 ",,,,
1.1.7.01.03.08.008.00007,Fiting Lampu PLS,02/01/2020,BUAH,,"  30,00 ",,,,
1.1.7.01.03.08.008.00052,Fitting Lampu TL,09/11/2023,PCS,Spesifikasi : 18-36 Watt,"  88,00 ",,,,
1.1.7.01.03.08.008.00052,Fitting Lampu TL,08/07/2024,PCS,Spesifikasi : 18-36 Watt,"  200,00 ",,,,
1.1.7.01.03.08.009.00036,Accu,23/08/2022,BUAH,12V - 70 Ah,  - ,,,,
1.1.7.01.03.08.009.00040,Accu,02/01/2020,BUAH,12 Volt / 35 Ah,"  2,00 ",,,,
1.1.7.01.03.08.009.00040,Accu,23/08/2022,BUAH,12 Volt / 35 Ah,"  3,00 ",,,,
1.1.7.01.03.08.009.00041,Accu,23/08/2022,BUAH,12 Volt / 69 Ah,"  1,00 ",,,,
1.1.7.01.03.08.009.00048,Accu 18 Ampere,02/01/2020,BUAH,Accu 12 volt / 18 Ampere Standar SNI Merk YUASA,"  1,00 ",,,,
1.1.7.01.03.08.009.00065,Accu 12V - 45 Ah,02/01/2020,BUAH,,"  2,00 ",,,,
1.1.7.01.03.08.009.00065,Accu 12V - 45 Ah,23/08/2022,BUAH,,"  3,00 ",,,,
1.1.7.01.03.08.009.00093,Air Accu,02/01/2020,BOTOL,Air Accu Zuur Kemasan,"  486,00 ",,,,
1.1.7.01.03.08.012.00002,Tang Crimping,03/10/2022,UNIT,,"  3,00 ",,,,
1.1.7.01.03.08.012.00031,Mangkokan elektrik,03/10/2022,PCS,Spesifikasi : kotak,"  216,00 ",,,,
1.1.7.01.03.08.012.00032,Solder timah batangan,03/10/2022,PCS,200watt,"  8,00 ",,,,
1.1.7.01.03.08.012.00085,Tang/Press Skun Hidraulik,03/10/2022,PCS,Diameter 70 mm,"  3,00 ",,,,
1.1.7.01.03.08.012.00086,Relay,03/10/2022,PCS,Spesifikasi : 12V + soket,"  18,00 ",,,,
1.1.7.01.03.08.012.00087,Relay,03/10/2022,PCS,Spesifikasi : relay 24V + soket,"  18,00 ",,,,
1.1.7.01.03.08.012.00088,Crimp kawat konektor,09/11/2023,PCS,Spesifikasi : 4mm (1 pack isi 100 pcs),"  500,00 ",,,,
1.1.7.01.03.08.012.00089,Crimp kawat konektor,09/11/2023,PCS,"Spesifikasi : 2,5mm (1 pack isi 100 pcs)","  500,00 ",,,,
1.1.7.01.03.08.012.00092,T-Dus instalasi listrik,03/10/2022,PCS,Spesifikasi : cabang 3,"  145,00 ",,,,
1.1.7.01.03.08.012.00093,T-Dus instalasi listrik,03/10/2022,PCS,Spesifikasi : cabang 4,"  80,00 ",,,,
1.1.7.01.03.08.012.00161,Relay,03/10/2022,BUAH,220 Volt,"  18,00 ",,,,
1.1.7.01.03.08.012.00191,Suspension/gantungan clamp kabel twisted/SR,03/10/2022,PCS,Spesifikasi : 50-70mm,"  36,00 ",,,,
1.1.7.01.03.08.012.00226,Busbar Isolator,09/11/2023,PCS,Spesifikasi : SM-25/ SM25 6KV M6,"  44,00 ",,,,
1.1.7.01.03.08.012.00227,Circuit Breaker,09/11/2023,PCS,Spesifikasi : MCCB 3P 100 A,"  2,00 ",,,,
1.1.7.01.03.08.012.00229,Panel Meter Pengukuran Amperemeter Analog AC DC,09/11/2023,PCS,10A besar,"  12,00 ",,,,
1.1.7.01.03.08.012.00232,Skun Garpu Tembaga,09/11/2023,PCS,2.5 mm,"  100,00 ",,,,
1.1.7.01.03.08.012.00236,Busbar Arde Tembaga,09/11/2023,PCS,Spesifikasi : 15x2x180 + Ground/ Terminal Nol Plat Isolator,"  19,00 ",,,,
1.1.7.01.03.08.012.00237,Current Transformeter,09/11/2023,PCS,Spesifikasi : 50/5A,"  12,00 ",,,,
1.1.7.01.03.08.012.00241,Kontaktor,09/11/2023,UNIT,3 Phase 220V 32 Ampere,"  15,00 ",,,,
1.1.7.01.03.08.012.00242,Phase Indicator 3 Phase Rotation Tester,09/11/2023,PCS,,"  10,00 ",,,,
1.1.7.01.03.08.012.00244,String Clamp Cable Twisted (SR),09/11/2023,PCS,Uk 50-70,"  26,00 ",,,,
1.1.7.01.03.08.012.00245,String Camp Kabel Twisted (SR),09/11/2023,PCS,6-16 mm,"  27,00 ",,,,
1.1.7.01.03.09.002.00007,Helm Lapangan,02/08/2024,BUAH,Safety Helmet,"  70,00 ",,,,
1.1.7.01.03.09.003.00162,Celana Panjang,02/08/2024,BUAH,"Celana Panjang (Bahan/ Warna : Bellini , Biru) Outdoor","  69,00 ",,,,
1.1.7.01.03.09.003.00183,Kaos Lapangan,02/08/2024,BUAH,Berlogo Dki,"  114,00 ",,,,
1.1.7.01.03.09.005.00028,SEPATU BOOT,02/08/2024,PASANG,"BAHAN KARET SINTETIS, FULL KARET, KOMBINASI KANVAS","  101,00 ",,,,
1.1.7.01.03.09.006.00025,Kacamata Pengaman,17/07/2023,BUAH,"Terbuat Dari Bahan Plastik Lentur , Dan Pengikat Karet Dibelakang",  - ,,,,
1.1.7.01.03.09.007.00004,GOLOK,02/10/2024,BUAH,BAHAN BESI TEMPA DENGAN GAGANG KAYU,"  9,00 ",,,,
1.1.7.01.03.09.007.00004,GOLOK,22/09/2025,BUAH,BAHAN BESI TEMPA DENGAN GAGANG KAYU,"  150,00 ",,,,
1.1.7.01.03.09.007.00006,BLENCONG,02/10/2024,BUAH,"BESI BAJA, RUNCING, PIPIH",  - ,,,,
1.1.7.01.03.09.007.00006,BLENCONG,22/09/2025,BUAH,"BESI BAJA, RUNCING, PIPIH","  100,00 ",,,,
1.1.7.01.03.09.007.00024,CANGKUL,02/10/2024,UNIT,BESAR BAHAN BESI TEMPA DENGAN GAGANG KAYU,  - ,,,,
1.1.7.01.03.09.007.00027,CANGKUL,22/09/2025,BUAH,STANDART GAGANG KAYU,"  500,00 ",,,,
1.1.7.01.03.09.007.00032,Linggis,02/10/2024,BUAH,,"  12,00 ",,,,
1.1.7.01.03.09.007.00032,Linggis,22/09/2025,BUAH,,"  110,00 ",,,,
1.1.7.01.03.09.007.00047,Sekop,22/09/2025,BUAH,"Bergagang Tebal 22 Mm Pegangan Kayu, Ukuran 7,5/ / 9""X12"", Bahan Baja","  100,00 ",,,,
1.1.7.01.03.09.007.00065,Sekop,02/10/2024,BUAH,"Material Dari Baja, Grip Pegangan Kayum Panjang bilah 15cm, Lebar mata Bilah 10cm, Bagian belakang 2.3x4 cm (martil) Material High carbon steel Premium Germany Quality",  - ,,,,
1.1.7.01.03.09.007.00088,Senter Jinjing,22/09/2025,BUAH,"Lampu Led, Batere Charger Listrik","  100,00 ",,,,
1.1.7.01.03.09.007.00216,Gunting Beton,02/10/2024,UNIT,,"  12,00 ",,,,
1.1.7.01.03.09.007.00216,Gunting Beton,22/09/2025,UNIT,,"  30,00 ",,,,
1.1.7.01.03.09.007.05040,Terpal Plastik,22/09/2025,LEMBAR,Ukuran A3 (3x5m),"  100,00 ",,,,
1.1.7.01.03.09.007.05041,Terpal Plastik,02/10/2024,LEMBAR,Ukuran A12 (6x9m),"  3,00 ",,,,
1.1.7.01.03.09.007.05041,Terpal Plastik,22/09/2025,LEMBAR,Ukuran A12 (6x9m),"  70,00 ",,,,
1.1.7.01.03.09.007.05042,Lifting webbing sling,22/09/2025,BUAH,"Width 5 "" x 5 ton x 4 m","  5,00 ",,,,
1.1.7.01.03.09.007.05043,Lifting webbing sling,02/10/2024,BUAH,4 ton x 4 m,  - ,,,,
1.1.7.01.03.09.007.05043,Lifting webbing sling,22/09/2025,BUAH,4 ton x 4 m,"  25,00 ",,,,
1.1.7.01.03.09.007.05044,Lifting webbing sling,02/10/2024,BUAH,3 ton x 5 m,"  11,00 ",,,,
1.1.7.01.03.09.007.05044,Lifting webbing sling,22/09/2025,BUAH,3 ton x 5 m,"  20,00 ",,,,
1.1.7.01.03.09.007.05085,Kampak,22/09/2025,BUAH,"Material baja, Gagang Fiber","  40,00 ",,,,
1.1.7.01.03.13.001.00002,Timbangan Duduk,29/09/2023,SET,"Spesifikasi Timbangan Digital MT 2000 Kapasitas 100 kg, Plat stainless steel, LED Display, Plat 40 x 50 cm","  5,00 ",,,,
1.1.7.01.03.13.001.00009,Panel Box 50x70x20 cm,02/01/2020,BUAH,,"  6,00 ",,,,
1.1.7.01.05.01.004.00163,Power Supply,09/11/2023,BUAH,24V,"  1,00 ",,,,
1.1.7.01.05.01.004.00249,TOOL KIT,04/10/2023,SET,KOMPLIT,"  4,00 ",,,,
1.1.7.01.05.01.004.00259,SOLDER LISTRIK,29/09/2022,UNIT,30 S.D 40 W,"  4,00 ",,,,
1.1.7.01.05.01.004.00287,Gerobak Celeng,02/10/2024,BUAH,,  - ,,,,
1.1.7.01.05.01.004.00287,Gerobak Celeng,22/09/2025,BUAH,,"  75,00 ",,,,
1.1.7.01.05.01.004.00406,Tangki Air,02/10/2024,BUAH,Kapasitas Toren 1000 Liter,  - ,,,,
1.1.7.01.05.01.004.00446,Regulator Oksigen,22/09/2025,BUAH,Standart Sni,"  20,00 ",,,,
1.1.7.01.05.01.004.00581,Tang/Press Skun,03/10/2022,PCS,"Diameter 2,5 mm s/d 10 mm","  4,00 ",,,,
1.1.7.01.05.01.004.00582,Tang rivet,03/10/2022,PCS,"Spesifikasi : Ukuran 2.4, 3.2, 4.0, 4.8 mm","  8,00 ",,,,
1.1.7.01.05.01.004.00659,Kikir gergaji,02/10/2024,PCS,,"  16,00 ",,,,
1.1.7.01.05.01.004.00659,Kikir gergaji,22/09/2025,PCS,,"  150,00 ",,,,
1.1.7.01.05.01.004.00825,Stang Las,22/09/2025,PCS,Stick,"  5,00 ",,,,
1.1.7.01.05.01.004.00848,Contact Cleaner,16/09/2025,TUBE,Spesifikasi : 18 Multi Purpose Lubricant 500 ml,"  30,00 ",,,,
1.1.7.01.05.01.004.00848,Contact Cleaner,22/09/2025,TUBE,Spesifikasi : 18 Multi Purpose Lubricant 500 ml,"  30,00 ",,,,
1.1.7.01.05.01.004.00852,Obeng Listrik,09/11/2023,SET,1000 Volt,"  3,00 ",,,,
1.1.7.01.05.01.004.00853,Rachet Puller,09/11/2023,UNIT,NGK 2 Ton,  - ,,,,
1.1.7.01.05.01.004.00854,Regulator Gas Lpg,22/09/2025,PCS,,"  10,00 ",,,,
1.1.7.01.05.01.004.00858,Mata Cutting,22/09/2025,PCS,"Spesifikasi : 14""","  850,00 ",,,,
1.1.7.01.05.01.004.00867,Laser Distance Meter,29/09/2023,UNIT,Jarak : 50 m  Akurasi ± 2 mm  Kalibrasi manual ± 9mm  Memory 30 sets data  Body IP54  Penambahan dan pengurangan jarak,  - ,,,,
1.1.7.01.05.01.004.50376,Tenda Krucut,22/09/2025,SET,3 x 3 Meter,"  7,00 ",,,,
1.1.7.01.05.01.004.50378,Pompa Air,02/10/2024,UNIT,,"  1,00 ",,,,
1.1.7.01.05.01.004.50477,Pompa BBM,22/09/2025,UNIT,"550 Watt, Flow Analog","  3,00 ",,,,
1.1.7.02.01.04.001.00227,Traffic Cone,22/09/2025,BUAH,"Ukuran : 75 Cm, Bahan : Rubber/ Karet","  100,00 ",,,,
1.1.7.02.01.06.003.00049,Kusen Pintu Alumunium,22/09/2025,BUAH,bahan alumunium,"  20,00 ",,,,
1.1.7.02.02.03.005.00004,Bending Pipa,09/11/2023,PCS,Spesifikasi : 20mm,"  4,00 ",,,,
1.1.7.02.02.04.001.00031,Shock sambung pipa,03/10/2022,PCS,Spesifikasi : 20mm,"  20,00 ",,,,
1.1.7.02.02.04.001.00031,Shock sambung pipa,09/11/2023,PCS,Spesifikasi : 20mm,"  200,00 ",,,,
1.1.7.02.02.06.001.00079,Klem Selang,04/10/2023,BUAH,,"  67,00 ",,,,
1.1.7.02.02.06.001.00101,Pipa,03/10/2022,BATANG,20mm,"  350,00 ",,,,
1.1.7.02.02.06.001.00254,Elbow,09/11/2023,PCS,Spesifikasi : 20 mm,"  200,00 ",,,,
1.1.7.02.02.06.002.00009,Connector,03/10/2022,PCS,Spesifikasi : 16mm,"  37,00 ",,,,
1.1.7.01.01.01.002.00007,SEMEN,31/10/2024,ZAK,50 KG,  - ,,,,
1.1.7.01.01.01.002.00007,SEMEN,30/11/2024,ZAK,50 KG,  - ,,,,
1.1.7.01.01.01.002.00007,SEMEN,31/12/2024,ZAK,50 KG,  - ,,,,
1.1.7.01.01.01.002.00007,SEMEN,30/06/2025,ZAK,50 KG,  - ,,,,
1.1.7.01.01.01.002.00007,SEMEN,31/07/2025,ZAK,50 KG,  - ,,,,
1.1.7.01.01.01.004.00004,Pasir,30/11/2024,M3,Beton,  - ,,,,
1.1.7.01.01.01.004.00004,Pasir,30/06/2025,M3,Beton,"  710,30 ",,,,
1.1.7.01.01.01.004.00005,PASIR,31/07/2024,M3,PASANG,  - ,,,,
1.1.7.01.01.01.004.00005,PASIR,30/09/2024,M3,PASANG,  - ,,,,
1.1.7.01.01.01.004.00005,PASIR,30/06/2025,M3,PASANG,"  469,80 ",,,,
1.1.7.01.01.01.005.00001,Batu Belah,31/08/2023,M3,,  - ,,,,
1.1.7.01.01.01.005.00001,Batu Belah,30/06/2024,M3,,  - ,,,,
1.1.7.01.01.01.005.00001,Batu Belah,31/07/2024,M3,,"  154,57 ",,,,
1.1.7.01.01.01.005.00001,Batu Belah,31/08/2024,M3,,"  930,37 ",,,,
1.1.7.01.01.01.005.00001,Batu Belah,30/09/2024,M3,,"  414,86 ",,,,
1.1.7.01.01.01.005.00008,Batu Pecah,31/08/2024,M3,Ukuran 1/2 Cm,  - ,,,,
1.1.7.01.01.01.005.00008,Batu Pecah,30/09/2024,M3,Ukuran 1/2 Cm,  - ,,,,
1.1.7.01.01.01.005.00008,Batu Pecah,30/11/2024,M3,Ukuran 1/2 Cm,"  656,30 ",,,,
1.1.7.01.01.01.005.00050,Batu Bata,31/05/2023,BUAH,,  - ,,,,
1.1.7.01.01.01.006.00050,Cat Kayu/ Besi,20/09/2022,KG,,"  20,00 ",,,,
1.1.7.01.01.01.006.00153,Cat Besi,02/01/2020,KG,"Cat Besi Eksterior, Warna Merah Hati","  20,00 ",,,,
1.1.7.01.01.01.006.00157,Cat Besi,02/01/2020,KG,"Cat Besi Eksterior, Warna Hijau","  73,00 ",,,,
1.1.7.01.01.01.006.00160,Water Proofing,02/01/2020,KG,Cat lapis anti air/anti bocor,  - ,,,,
1.1.7.01.01.01.006.00200,Cat tembok,31/12/2024,PAIL,Spesifikasi : luar (weather shield) warna putih,  - ,,,,
1.1.7.01.01.01.006.00200,Cat tembok,31/08/2025,PAIL,Spesifikasi : luar (weather shield) warna putih,"  30,00 ",,,,
1.1.7.01.01.01.006.00201,Cat tembok,30/11/2023,PAIL,Spesifikasi : luar (weather shield) warna abu-abu,  - ,,,,
1.1.7.01.01.01.006.00201,Cat tembok,30/06/2024,PAIL,Spesifikasi : luar (weather shield) warna abu-abu,"  15,00 ",,,,
1.1.7.01.01.01.006.00202,Cat tembok,30/06/2024,PAIL,Spesifikasi : luar (weather shield) warna kuning,  - ,,,,
1.1.7.01.01.01.006.00202,Cat tembok,31/12/2024,PAIL,Spesifikasi : luar (weather shield) warna kuning,"  11,00 ",,,,
1.1.7.01.01.01.006.00202,Cat tembok,31/08/2025,PAIL,Spesifikasi : luar (weather shield) warna kuning,"  28,00 ",,,,
1.1.7.01.01.01.006.00203,Cat tembok,30/06/2024,PAIL,Spesifikasi : luar (weather shield) warna hitam,"  23,00 ",,,,
1.1.7.01.01.01.006.00204,Cat tembok,31/12/2024,PAIL,Spesifikasi : luar (weather shield) warna biru,  - ,,,,
1.1.7.01.01.01.006.00204,Cat tembok,31/08/2025,PAIL,Spesifikasi : luar (weather shield) warna biru,"  32,00 ",,,,
1.1.7.01.01.01.006.05014,Cat Besi/Kayu,31/08/2025,KALENG,Warna Black,"  73,00 ",,,,
1.1.7.01.01.01.006.05015,Cat Besi/Kayu,30/11/2024,KALENG,Warna White,"  26,00 ",,,,
1.1.7.01.01.01.006.05015,Cat Besi/Kayu,31/08/2025,KALENG,Warna White,"  80,00 ",,,,
1.1.7.01.01.01.006.05016,Cat Besi/Kayu,30/11/2024,KALENG,Warna Coral Spring,"  56,00 ",,,,
1.1.7.01.01.01.006.05017,Cat Besi/Kayu,30/11/2024,KALENG,Warna Sunshine Canary,  - ,,,,
1.1.7.01.01.01.006.05017,Cat Besi/Kayu,31/08/2025,KALENG,Warna Sunshine Canary,"  75,00 ",,,,
1.1.7.01.01.01.006.05018,Cat Besi/Kayu,31/08/2025,KALENG,Warna Saphire Blue,"  49,00 ",,,,
1.1.7.01.01.01.006.05019,Cat Dasar,30/11/2024,KALENG,Harka (Manny) NC White,  - ,,,,
1.1.7.01.01.01.006.05019,Cat Dasar,31/08/2025,KALENG,Harka (Manny) NC White,"  87,00 ",,,,
1.1.7.01.01.01.006.05020,Cat Body Anti Karat dan Bocor,30/11/2024,KALENG,Seiv Paint 007,"  15,00 ",,,,
1.1.7.01.01.01.006.05021,Cat Duco,30/11/2024,KALENG,Light Vermiliion Red,"  60,00 ",,,,
1.1.7.01.01.01.006.05022,Cat Besi/Kayu,30/11/2024,KALENG,Warna Pandan Green,"  57,00 ",,,,
1.1.7.01.01.01.006.05035,Cat Pelapis anti bocor / Waterproof,31/08/2025,KALENG,Ukuran 1 Kg,"  51,00 ",,,,
1.1.7.01.01.01.008.00049,Kanal C,30/11/2024,BATANG,"100 X 50 X 20 X 2,3 MM X 6 meter, SNI",  - ,,,,
1.1.7.01.01.01.008.00049,Kanal C,31/08/2025,BATANG,"100 X 50 X 20 X 2,3 MM X 6 meter, SNI","  69,00 ",,,,
1.1.7.01.01.01.008.00051,Kanal C,30/11/2024,BATANG,"75 x 45 x 20 x 2,3 MM x 6 meter, SNI",  - ,,,,
1.1.7.01.01.01.008.00051,Kanal C,31/08/2025,BATANG,"75 x 45 x 20 x 2,3 MM x 6 meter, SNI","  61,00 ",,,,
1.1.7.01.01.01.012.00007,Besi Siku,30/06/2024,BATANG,Uk. 60.60.6 Panjang 6 M,"  40,00 ",,,,
1.1.7.01.01.01.012.00028,Besi Hollow,30/06/2024,BATANG,20X40 Mm Dia. Tebal 2 Mm,  - ,,,,
1.1.7.01.01.01.012.00028,Besi Hollow,30/11/2024,BATANG,20X40 Mm Dia. Tebal 2 Mm,"  47,00 ",,,,
1.1.7.01.01.01.012.00028,Besi Hollow,31/08/2025,BATANG,20X40 Mm Dia. Tebal 2 Mm,"  70,00 ",,,,
1.1.7.01.01.01.012.00037,Besi Hollow,31/08/2025,BATANG,Ukuran 40Mmx60Mmx2 Mm Lokal Standar Sni,"  100,00 ",,,,
1.1.7.01.01.01.012.00039,Besi Hollow,30/11/2024,BATANG,50X50 Mm Dia. Tebal 2 Mm,"  57,00 ",,,,
1.1.7.01.01.01.012.00057,Besi hollow,30/06/2024,BATANG,"Ukuran 40 mm x 40 mm x 6 m , tebal 2 mm",  - ,,,,
1.1.7.01.01.01.012.00057,Besi hollow,30/11/2024,BATANG,"Ukuran 40 mm x 40 mm x 6 m , tebal 2 mm","  7,00 ",,,,
1.1.7.01.01.01.012.00058,Besi hollow,30/06/2024,BATANG,"Ukuran 40 mm x 60 mm x 6 m, tebal 2 mm",  - ,,,,
1.1.7.01.01.01.012.00065,Besi Siku,30/06/2024,BATANG,Uk. 50.50.5 Panjang 6 M,"  88,00 ",,,,
1.1.7.01.01.01.012.00066,Besi Wiremesh,30/06/2025,LEMBAR,"M10 SNI, uk. 2,1 m x 5,4 m","  27,00 ",,,,
1.1.7.01.01.01.012.00070,besi siku 120x120x12,30/11/2024,BATANG,"panjang 6 meter, SNI","  7,00 ",,,,
1.1.7.01.01.01.012.00071,besi siku 70x70x7,30/06/2024,BATANG,"panjang 6 meter, SNI",  - ,,,,
1.1.7.01.01.01.012.00076,Besi Beton,31/05/2024,BATANG,"Dia 16 Mm, 12M",  - ,,,,
1.1.7.01.01.01.012.00077,Besi Beton,30/06/2025,BATANG,"Dia 12 Mm, 12M","  833,00 ",,,,
1.1.7.01.01.01.012.00078,Besi Beton,30/06/2025,BATANG,"Dia 10 Mm, 12M","  1.560,00 ",,,,
1.1.7.01.01.01.012.00079,Besi Beton,12/03/2025,BATANG,"Dia 8 Mm, 12M",  - ,,,,
1.1.7.01.01.01.012.00079,Besi Beton,30/06/2025,BATANG,"Dia 8 Mm, 12M","  2.268,00 ",,,,
1.1.7.01.01.01.012.00083,Besi Beton,12/03/2025,KG,Polos Diameter 10,  - ,,,,
1.1.7.01.01.01.012.00084,Besi Beton,12/03/2025,KG,Polos Diameter 12,  - ,,,,
1.1.7.01.01.01.012.00102,besi beton,31/03/2023,BATANG,"polos diameter 22, SNI","  31,00 ",,,,
1.1.7.01.01.01.012.00103,besi beton,31/05/2024,BATANG,"ulir diameter 13, SNI",  - ,,,,
1.1.7.01.01.01.012.00121,Plat Strip,02/01/2020,KG,,"  21,00 ",,,,
1.1.7.01.01.01.012.00128,Besi Plat Hitam,30/06/2023,LEMBAR,"5mm x 4'' x 8'' (5mm x 122cm x 244cm), SNI","  1,00 ",,,,
1.1.7.01.01.01.012.00128,Besi Plat Hitam,30/06/2024,LEMBAR,"5mm x 4'' x 8'' (5mm x 122cm x 244cm), SNI","  40,00 ",,,,
1.1.7.01.01.01.012.00129,Besi Plat Hitam,30/06/2024,LEMBAR,"8mm x 4"" x 8"" (8mm x 122 x 244cm), SNI","  13,00 ",,,,
1.1.7.01.01.01.012.00130,Besi UNP,30/06/2024,BATANG,"65 x 42 x 5mm x 6meter, SNI","  1,00 ",,,,
1.1.7.01.01.01.012.00130,Besi UNP,31/08/2025,BATANG,"65 x 42 x 5mm x 6meter, SNI","  50,00 ",,,,
1.1.7.01.01.01.012.00132,Longdrat,31/03/2023,BATANG,"12 MM X 1 M, SNI","  32,00 ",,,,
1.1.7.01.01.01.012.00135,Besi Siku,30/06/2024,BATANG,"40x40x5mm Panjang 6Meter, SNI","  36,00 ",,,,
1.1.7.01.01.01.012.00136,Besi Plat Hitam,30/06/2023,LEMBAR,"2mm x 4"" x 8"" (2mm x 122cm x 244cm), SNI",  - ,,,,
1.1.7.01.01.01.012.00137,Besi UNP,30/06/2024,BATANG,"100 x 50 x 5mm x 6meter, SNI",  - ,,,,
1.1.7.01.01.01.012.00137,Besi UNP,31/08/2025,BATANG,"100 x 50 x 5mm x 6meter, SNI","  70,00 ",,,,
1.1.7.01.01.01.012.00138,Kapur Besi,31/03/2023,BATANG,125 mm x 12 mm x 5 mm,"  140,00 ",,,,
1.1.7.01.01.01.012.05002,Besi UNP,30/06/2024,BATANG,"80 x 45 x5mm x 6m, SNI",  - ,,,,
1.1.7.01.01.01.014.50002,Spandek,30/11/2024,M2,"Spandek Hi Ten Zincalume Tebal 0,45mm",  - ,,,,
1.1.7.01.01.01.014.50002,Spandek,31/08/2025,M2,"Spandek Hi Ten Zincalume Tebal 0,45mm","  632,00 ",,,,
1.1.7.01.01.01.015.00006,U-Ditch,02/01/2020,UNIT,Panjang Efektif 1.20 M U 300/ 400,"  1,00 ",,,,
1.1.7.01.01.01.015.00008,U-Ditch,30/11/2024,UNIT,Panjang Efektif 1.20 M U 400/ 400,  - ,,,,
1.1.7.01.01.01.015.00008,U-Ditch,30/04/2025,UNIT,Panjang Efektif 1.20 M U 400/ 400,  - ,,,,
1.1.7.01.01.01.015.00008,U-Ditch,31/05/2025,UNIT,Panjang Efektif 1.20 M U 400/ 400,  - ,,,,
1.1.7.01.01.01.015.00008,U-Ditch,30/06/2025,UNIT,Panjang Efektif 1.20 M U 400/ 400,"  3.585,00 ",,,,
1.1.7.01.01.01.015.00011,U-Ditch,30/06/2024,UNIT,Panjang Efektif 1.20 M U 600/ 600,  - ,,,,
1.1.7.01.01.01.015.00011,U-Ditch,31/07/2024,UNIT,Panjang Efektif 1.20 M U 600/ 600,  - ,,,,
1.1.7.01.01.01.015.00011,U-Ditch,30/11/2024,UNIT,Panjang Efektif 1.20 M U 600/ 600,  - ,,,,
1.1.7.01.01.01.015.00011,U-Ditch,31/08/2025,UNIT,Panjang Efektif 1.20 M U 600/ 600,"  1.158,00 ",,,,
1.1.7.01.01.01.015.00017,U-Ditch,02/01/2020,UNIT,Panjang Efektif 1.20 M U 1200/ 1200,"  3,00 ",,,,
1.1.7.01.01.01.015.00022,Box Culvert,31/05/2024,UNIT,"Bc 600X600 High Duty Panjang 1,00 M",  - ,,,,
1.1.7.01.01.01.015.00022,Box Culvert,30/11/2024,UNIT,"Bc 600X600 High Duty Panjang 1,00 M","  3,00 ",,,,
1.1.7.01.01.01.015.00023,Box Culvert,30/11/2024,UNIT,"Bc 800X800 High Duty Panjang 1,00 M","  42,00 ",,,,
1.1.7.01.01.01.015.00030,Tutup U-Ditch,30/11/2024,UNIT,"Tutup U 400 Light Duty Panjang Efektif 0,60 M",  - ,,,,
1.1.7.01.01.01.015.00030,Tutup U-Ditch,30/04/2025,UNIT,"Tutup U 400 Light Duty Panjang Efektif 0,60 M",  - ,,,,
1.1.7.01.01.01.015.00031,Tutup U-Ditch,30/06/2024,UNIT,"Tutup U 600 Light Duty Panjang Efektif 0,60 M",  - ,,,,
1.1.7.01.01.01.015.00031,Tutup U-Ditch,31/07/2024,UNIT,"Tutup U 600 Light Duty Panjang Efektif 0,60 M",  - ,,,,
1.1.7.01.01.01.015.00031,Tutup U-Ditch,30/11/2024,UNIT,"Tutup U 600 Light Duty Panjang Efektif 0,60 M",  - ,,,,
1.1.7.01.01.01.015.00031,Tutup U-Ditch,31/08/2025,UNIT,"Tutup U 600 Light Duty Panjang Efektif 0,60 M","  484,00 ",,,,
1.1.7.01.01.01.015.00036,Tutup U-Ditch,31/05/2025,UNIT,"Tutup U-Ditch 400-100/ 600 Mm, Heavy Duty (Hd)",  - ,,,,
1.1.7.01.01.01.015.00036,Tutup U-Ditch,30/06/2025,UNIT,"Tutup U-Ditch 400-100/ 600 Mm, Heavy Duty (Hd)",  - ,,,,
1.1.7.01.01.01.015.00095,Saluran Terbuka,30/06/2023,METER,Tipe U-ditch 800x800 mm Duty Panjang Efektik 1200 mm,"  112,00 ",,,,
1.1.7.01.01.01.015.00099,Box Culvert,19/04/2022,METER,Bc 800x800 High Duty Panjang 1000 mm,  - ,,,,
1.1.7.01.01.01.015.00100,Box Culvert,19/04/2022,METER,Bc 1000x1000 High Duty Panjang 1000 mm,  - ,,,,
1.1.7.01.01.01.015.00101,Box Culvert,31/12/2022,METER,Bc 1200x1200 High Duty Panjang 1000 mm,"  1,00 ",,,,
1.1.7.01.01.01.015.00101,Box Culvert,30/06/2023,METER,Bc 1200x1200 High Duty Panjang 1000 mm,"  10,00 ",,,,
1.1.7.01.01.01.015.00101,Box Culvert,30/09/2023,METER,Bc 1200x1200 High Duty Panjang 1000 mm,"  10,00 ",,,,
1.1.7.01.01.01.015.00104,Tutup U-Ditch,02/01/2020,METER,"Tutup U 1000 High Duty Panjang Efektif 0,60 M",  - ,,,,
1.1.7.01.01.01.015.00104,Tutup U-Ditch,19/04/2022,METER,"Tutup U 1200 High Duty Panjang Efektif 0,60 M","  91,20 ",,,,
1.1.7.01.01.01.015.00105,saluran terbuka tipe u-ditch,25/05/2022,METER,"duty panjang efektif 1,20 M U 1000/1000","  58,80 ",,,,
1.1.7.01.01.01.015.00106,buis beton sumur resapan,31/10/2022,UNIT,"diameter 100cm, tinggi 50cm, tebal 12cm, jumlah lubang per satu buis 6 buah dengan diameter 2 inch, mutu beton K-225","  179,00 ",,,,
1.1.7.01.01.01.015.00107,tutup buis beton,31/10/2022,UNIT,"diameter 100 cm, beton bertulang, mutu beton K-300","  2,00 ",,,,
1.1.7.01.01.01.015.00147,Tutup U-Ditch,31/10/2023,METER,"Tutup U 400 Light Duty Panjang Efektif 0,60",  - ,,,,
1.1.7.01.01.01.015.00148,U-Ditch,31/05/2023,METER,1200,"  27,60 ",,,,
1.1.7.01.01.01.015.00148,U-Ditch,30/06/2023,METER,1200,"  62,40 ",,,,
1.1.7.01.01.01.015.00148,U-Ditch,30/09/2023,METER,1200,"  90,00 ",,,,
1.1.7.01.01.01.015.05002,Tutup U-Ditch,30/06/2024,UNIT,"Tutup U 600 High Duty Panjang Efektif 0,60 M",  - ,,,,
1.1.7.01.01.01.015.05002,Tutup U-Ditch,30/11/2024,UNIT,"Tutup U 600 High Duty Panjang Efektif 0,60 M",  - ,,,,
1.1.7.01.01.01.015.05006,Tutup U-Ditch,31/08/2025,UNIT,"Tutup U 600 High Duty Panjang Efektif 0,60 M","  3.361,00 ",,,,
1.1.7.01.01.01.015.05007,Tutup U-Ditch,31/08/2025,UNIT,"Tutup U 800 High Duty Panjang Efektif 0,60 M","  274,00 ",,,,
1.1.7.01.01.01.015.05008,Tutup U-Ditch,31/08/2025,UNIT,"Tutup U 1000 High Duty Panjang Efektif 0,60 M","  37,00 ",,,,
1.1.7.01.01.01.016.00020,Plat strip,30/06/2024,BATANG,"9mm x 75mm, panjang 6 meter, SNI",  - ,,,,
1.1.7.01.01.01.016.00021,Plat strip,30/06/2024,BATANG,"6mm x 38mm, panjang 6 meter, SNI","  95,00 ",,,,
1.1.7.01.01.01.016.00022,Plat strip,30/06/2024,BATANG,"6mm x 50mm, panjang 6 meter, SNI","  125,00 ",,,,
1.1.7.01.01.01.016.00024,Plat Strip,30/06/2024,LEMBAR,"6mm x 65mm x 6Meter toleransi 0,5mm-6m, SNI","  60,00 ",,,,
1.1.7.01.01.01.016.00024,Plat Strip,31/08/2025,LEMBAR,"6mm x 65mm x 6Meter toleransi 0,5mm-6m, SNI","  100,00 ",,,,
1.1.7.01.01.01.016.00027,Plat Strip,30/06/2024,LEMBAR,"9mm x 50mm x 6Meter, toleransi 0,5mm-6m, SNI","  38,00 ",,,,
1.1.7.01.01.01.016.00028,Plat Strip,31/08/2025,LEMBAR,"9mm x 75mm x 6Meter, toleransi 0,5mm-6m, SNI","  150,00 ",,,,
1.1.7.01.01.01.019.00002,Kawat Bronjong,02/01/2020,UNIT,Uk. 100 x 50 x 200,"  29,00 ",,,,
1.1.7.01.01.01.020.00006,Karung,18/04/2025,BUAH,"Barang plastik anyaman ukuran 45x75 cm, 25 kg",  - ,,,,
1.1.7.01.01.01.020.00006,Karung,31/08/2025,BUAH,"Barang plastik anyaman ukuran 45x75 cm, 25 kg","  662.000,00 ",,,,
1.1.7.01.01.01.020.00007,Karung Plastik,30/11/2024,BUAH,,  - ,,,,
1.1.7.01.01.01.020.00007,Karung Plastik,30/06/2025,BUAH,,  - ,,,,
1.1.7.01.01.01.020.00007,Karung Plastik,31/07/2025,BUAH,,"  289.000,00 ",,,,
1.1.7.01.01.01.021.00035,Thinner,31/08/2025,KALENG,,"  200,00 ",,,,
1.1.7.01.01.01.021.00036,Thinner,30/11/2024,LITER,,"  280,00 ",,,,
1.1.7.01.01.01.024.00045,Klem Pagar BRC dan Baut Mur,31/08/2024,BUAH,,  - ,,,,
1.1.7.01.01.01.027.00020,Paku,31/05/2024,KG,"Biasa 2"" - 5""",  - ,,,,
1.1.7.01.01.01.027.00020,Paku,30/06/2025,KG,"Biasa 2"" - 5""","  634,50 ",,,,
1.1.7.01.01.02.002.05132,DAMDEX,31/08/2025,KALENG,kaleng 1 liter,"  100,00 ",,,,
1.1.7.01.01.05.001.00020,Kawat,31/03/2023,KG,Beton,  - ,,,,
1.1.7.01.01.05.001.00020,Kawat,30/04/2023,KG,Beton,  - ,,,,
1.1.7.01.01.05.002.00005,Kayu,31/03/2023,BATANG,Dolken Gelam,"  383,00 ",,,,
1.1.7.01.01.05.002.00005,Kayu,30/04/2023,BATANG,Dolken Gelam,"  800,00 ",,,,
1.1.7.01.01.05.002.00011,Kayu Kaso Meranti,31/05/2024,BATANG,Kaso uk 5/7,  - ,,,,
1.1.7.01.01.05.002.00011,Kayu Kaso Meranti,31/05/2025,BATANG,Kaso uk 5/7,  - ,,,,
1.1.7.01.01.05.002.00011,Kayu Kaso Meranti,31/05/2025,BATANG,Kaso uk 5/7,  - ,,,,
1.1.7.01.01.05.002.00011,Kayu Kaso Meranti,30/06/2025,BATANG,Kaso uk 5/7,  - ,,,,
1.1.7.01.01.05.002.00011,Kayu Kaso Meranti,30/06/2025,BATANG,Kaso uk 5/7,  - ,,,,
1.1.7.01.01.05.002.00057,Kayu Lapis,31/05/2025,LEMBAR,"Multipleks Uk. (0,9 X 122 X 244)Cm",  - ,,,,
1.1.7.01.01.05.002.00057,Kayu Lapis,31/05/2025,LEMBAR,"Multipleks Uk. (0,9 X 122 X 244)Cm",  - ,,,,
1.1.7.01.01.05.002.00057,Kayu Lapis,30/06/2025,LEMBAR,"Multipleks Uk. (0,9 X 122 X 244)Cm",  - ,,,,
1.1.7.01.01.05.002.00057,Kayu Lapis,30/06/2025,LEMBAR,"Multipleks Uk. (0,9 X 122 X 244)Cm","  658,00 ",,,,
1.1.7.01.01.05.007.00044,Polyethylene HDPE Sheet,02/01/2020,LEMBAR,"2,5cm x 122cm x 244 cm","  3,00 ",,,,
1.1.7.01.01.05.007.00045,Polyethylene HDPE Sheet,02/01/2020,LEMBAR,4cm x 100 cm x 200 cm,"  1,00 ",,,,
1.1.7.01.01.10.001.00007,Refill tabung CO2,30/11/2024,TABUNG,"gas Co2, 1m3, tinggi 67cm, diameter 14cm, 5kg","  45,00 ",,,,
1.1.7.01.01.10.001.05008,Refill tabung gas O2,30/11/2024,TABUNG,6 kg,"  24,00 ",,,,
1.1.7.01.01.10.002.00003,Pengisian tabung gas,30/11/2024,TABUNG,gas LPG uk. 12 Kg,"  37,00 ",,,,
1.1.7.01.02.01.001.00413,H Beam,30/11/2024,BATANG,Hb Gg 150 X 150 X 7 X 10Mm â€“ 12 M,"  2,00 ",,,,
1.1.7.01.02.04.006.00101,Longdrat,31/03/2023,BATANG,"14 MM X 1 M, SNI","  46,00 ",,,,
1.1.7.01.02.08.002.00172,Water Proofing,02/01/2020,PAIL,,  - ,,,,
1.1.7.01.03.01.010.00002,Lem Pipa uPVC,31/03/2023,BUAH,400 Gr,"  96,00 ",,,,
1.1.7.01.03.01.010.00049,Lem Putih,23/03/2022,BUAH,,  - ,,,,
1.1.7.01.03.01.010.00130,Lem,30/04/2023,BOTOL,Sealent Botol,"  31,00 ",,,,
1.1.7.01.03.01.010.00135,Lem Pipa,02/01/2020,KALENG,"Lokal, Standar SNI, 400 Gr",  - ,,,,
1.1.7.01.03.07.006.00013,Tali Rafia,02/01/2020,BUAH,Bahan Plastik Ukuran Standar,"  28,00 ",,,,
1.1.7.01.03.07.007.00167,Floor Drain,02/01/2020,BUAH,Floor Drain,"  17,00 ",,,,
1.1.7.01.05.01.004.00304,SEPTICKTANK BIOTECH,02/01/2020,UNIT,KAPASITAS 1500 LITER,"  2,00 ",,,,
1.1.7.01.05.01.004.00305,SEPTICKTANK BIOTECH,02/01/2020,UNIT,KAPASITAS 5000 LITER,"  2,00 ",,,,
1.1.7.01.05.01.004.00406,Tangki Air,02/10/2024,BUAH,Kapasitas Toren 1000 Liter,  - ,,,,
1.1.7.02.01.06.002.00001,Tiang Pagar Brc,31/08/2024,BUAH,"Dia 1.5"" Tinggi 175 Cm (Hdg)","  184,00 ",,,,
1.1.7.02.01.06.002.00008,Pagar BRC,31/08/2024,UNIT,175mm x 240mm x 7mm,"  182,00 ",,,,
1.1.7.02.01.06.002.00009,Tiang BRC,31/08/2024,BUAH,"Dia 1,5"" Tinggi 120 Cm","  70,00 ",,,,
1.1.7.02.01.06.002.00010,Pagar BRC,31/08/2024,BUAH,120 X 2440 X 7mm,"  8,00 ",,,,
1.1.7.02.01.06.003.00056,Karet Kusen Aluminium,02/01/2020,METER,"Lebar Karet 5,5mm","  260,00 ",,,,
1.1.7.02.02.03.002.05001,Pipa Galvanis,30/06/2024,BATANG,"1 1/2"" 2,9mm x 3,26 Kg/M x 6m","  7,00 ",,,,
1.1.7.02.02.03.002.05002,Pipa Galvanis,30/06/2024,BATANG,"2 1/2"" x 3,2mm x 5,80 Kg/M x 6m",  - ,,,,
1.1.7.02.02.03.002.05003,Pipa Galvanis,30/06/2024,BATANG,"4"" 3,6mm x 9,88 Kg/M x 6m","  9,00 ",,,,
1.1.7.02.02.04.001.00013,Socket 1-1/2,02/01/2020,PCS,"PVC Drat Dalam Type AW, SNI","  35,00 ",,,,
1.1.7.02.02.04.001.00014,Socket 1-1/2,02/01/2020,PCS,"PVC Drat Luar Type AW , SNI","  35,00 ",,,,
1.1.7.02.02.06.001.00032,"Tutup Pipa PVC 4""",02/01/2020,PCS,Jenis Saringan,"  35,00 ",,,,
1.1.7.02.02.06.001.00077,Sambungan Pipa PVC,02/01/2020,PCS,"Tee dia. 4""","  22,00 ",,,,
1.1.7.02.02.06.001.00108,Knee 90 Ukuran 3,02/01/2020,BUAH,Type Aw,"  17,00 ",,,,
1.1.7.02.02.06.001.00122,Pipa Pvc Dia. 2,30/04/2024,BATANG,Type Aw,"  2.116,00 ",,,,
1.1.7.02.02.06.001.00131,Pipa Pvc Dia. 10,30/04/2023,BATANG,Type D,"  10,00 ",,,,
1.1.7.02.02.06.001.00139,"Tee 3""",02/01/2020,BUAH,Type AW,"  30,00 ",,,,
1.1.7.02.02.06.001.00141,"Socket 3""",02/01/2020,BUAH,Type AW,"  25,00 ",,,,
1.1.7.02.02.06.001.00142,"Y-Branch 3""",02/01/2020,BUAH,Type AW,"  10,00 ",,,,
1.1.7.02.02.06.001.00144,"Y-Branch 4""",02/01/2020,BUAH,Type AW,"  9,00 ",,,,
1.1.7.02.02.06.001.00154,"Elbow 45 derajat 3""",02/01/2020,BUAH,Type AW,"  4,00 ",,,,
1.1.7.02.02.06.001.00161,"Reducing Socket 4"" x 3""",02/01/2020,BUAH,Type AW,"  30,00 ",,,,
1.1.7.02.02.06.001.00178,"Large Radius Tee 4""",02/01/2020,BUAH,Type AW,"  9,00 ",,,,
1.1.7.02.02.06.001.00181,"Large Radius Tee 3""",02/01/2020,BUAH,Type AW,"  10,00 ",,,,
1.1.7.02.02.06.001.00186,"Socket 4""",02/01/2020,BUAH,Type AW,"  15,00 ",,,,
1.1.7.02.02.06.001.00198,SAMBUNGAN PIPA PVC-SOCK DIA. 4'',02/01/2020,PCS,,"  78,00 ",,,,
1.1.7.02.02.06.003.00027,Socket 1-1/4,02/01/2020,PCS,"Drat Kasar, Drat Luar Dalam (Satu Pasang) Type AW, SNI","  34,00 ",,,,
1.1.7.02.02.06.003.00028,"Reducing Socket 4"" x 6""",02/01/2020,PCS,Type AW,"  50,00 ",,,,
1.1.7.02.02.06.001.00079,Klem Selang,02/01/2020,BUAH,,"  89,00 ",,,,
1.1.7.01.05.01.002.00001,Pagar Pengaman,31/05/2023,BUAH,"2,20 x 2,0 M","  6,00 ",,,,